{
  "index": "/index.html",
  "assetGroups": [{
    "name": "app",
    "installMode": "prefetch",
    "resources": {
      "files": [
        "/favicon.ico",
        "/index.html",
        "/*.bundle.css",
        "/*.bundle.js",
        "/*.chunk.js",
          "/manifest.webmanifest"
      ]
    }
  }, {
    "name": "assets",
    "installMode": "lazy",
    "updateMode": "prefetch",
    "resources": {
      "files": [
        "/assets/**"
      ]
    }
  }],
  "dataGroups": [
    {
      "name": "from-api",
      "urls": ["/dashboard", "/settings"],
      "cacheConfig": {
        "strategy": "freshness",
        "maxSize": 15,
        "maxAge": "1h",
        "timeout": "5s"
      }
    }
  ]
}
